Model,Total_Inflow,Total_Outflow,Imbalance_%
Abel_ref2,0.5837478992548986,0.31448861331938516,46.12595373434295
Patient025,0.6117931259911291,0.3350935594572963,45.227635744610325
