Vessel,R_Flow,L_Flow,L/R_Ratio,Status,Interpretation
Internal Carotid (ICA),0.32405577253962187,0.26016671482769005,0.8028454879503182,✓ SYMMETRIC,Normal
Middle Cerebral (MCA),0.08265212380899417,0.08269614554649027,1.0005326147165658,✓ SYMMETRIC,Normal
Anterior Cerebral A1,0.040926615019377374,0.07669489136176984,1.8739612676361674,⚠️  L > R,Left-sided dominance
Anterior Cerebral A2,0.04261241852745331,0.042620081275968884,1.0001798243042843,✓ SYMMETRIC,Normal
Posterior Cerebral P1,-0.043593531340686546,0.055471145784094865,-1.272462773217061,⚠️  R > L,Right-sided dominance
Posterior Cerebral P2,0.0424725470189236,0.04204024327946603,0.9898215725262496,✓ SYMMETRIC,Normal
Posterior Communicating,-0.10224103530971262,-0.0025341593704922365,0.02478612782837791,⚠️  R > L,Right-sided dominance
