{
    "1": {
        "BA start": [
            {
                "id": 0,
                "degree": 1,
                "label": 1,
                "coords": [
                    -9.19962,
                    -19.60501,
                    -15.3591
                ]
            }
        ],
        "BA bifurcation": [
            {
                "id": 51,
                "degree": 3,
                "label": 1,
                "coords": [
                    -8.53697,
                    -22.04717,
                    -3.04329
                ]
            }
        ],
        "R-PCA boundary": [
            {
                "id": 59,
                "degree": 2,
                "label": 1,
                "coords": [
                    -6.84976,
                    -23.47611,
                    -2.54153
                ]
            }
        ],
        "L-PCA boundary": [
            {
                "id": 187,
                "degree": 2,
                "label": 1,
                "coords": [
                    -9.34719,
                    -22.11496,
                    -1.22561
                ]
            }
        ]
    },
    "2": {
        "BA boundary": [
            {
                "id": 59,
                "degree": 2,
                "label": 2,
                "coords": [
                    -6.84976,
                    -23.47611,
                    -2.54153
                ]
            }
        ],
        "Pcom bifurcation": [
            {
                "id": 107,
                "degree": 3,
                "label": 2,
                "coords": [
                    2.25889,
                    -17.36047,
                    -5.79881
                ]
            }
        ],
        "Pcom boundary": [
            {
                "id": 639,
                "degree": 2,
                "label": 2,
                "coords": [
                    2.33399,
                    -16.64483,
                    -5.7165
                ]
            }
        ],
        "PCA end": [
            {
                "id": 180,
                "degree": 1,
                "label": 2,
                "coords": [
                    15.15829,
                    -34.40522,
                    -5.77061
                ]
            }
        ]
    },
    "3": {
        "BA boundary": [
            {
                "id": 187,
                "degree": 2,
                "label": 3,
                "coords": [
                    -9.34719,
                    -22.11496,
                    -1.22561
                ]
            }
        ],
        "Pcom bifurcation": [
            {
                "id": 206,
                "degree": 3,
                "label": 3,
                "coords": [
                    -13.39639,
                    -20.74187,
                    2.39459
                ]
            }
        ],
        "Pcom boundary": [
            {
                "id": 679,
                "degree": 2,
                "label": 3,
                "coords": [
                    -13.06916,
                    -19.4037,
                    3.1246
                ]
            }
        ],
        "PCA end": [
            {
                "id": 296,
                "degree": 1,
                "label": 3,
                "coords": [
                    -20.44586,
                    -37.82534,
                    -5.6061
                ]
            }
        ]
    },
    "4": {
        "ICA start": [
            {
                "id": 297,
                "degree": 1,
                "label": 4,
                "coords": [
                    3.24482,
                    -3.02741,
                    -9.69317
                ]
            }
        ],
        "Pcom bifurcation": [
            {
                "id": 368,
                "degree": 3,
                "label": 4,
                "coords": [
                    3.56308,
                    -9.19286,
                    -2.12568
                ]
            }
        ],
        "Pcom boundary": [
            {
                "id": 619,
                "degree": 2,
                "label": 4,
                "coords": [
                    3.73585,
                    -10.75714,
                    -3.46275
                ]
            }
        ],
        "ICA bifurcation": [
            {
                "id": 389,
                "degree": 3,
                "label": 4,
                "coords": [
                    8.14972,
                    -6.87918,
                    1.08575
                ]
            }
        ],
        "ACA boundary": [
            {
                "id": 689,
                "degree": 2,
                "label": 4,
                "coords": [
                    6.48668,
                    -6.68485,
                    2.56249
                ]
            }
        ],
        "MCA boundary": [
            {
                "id": 394,
                "degree": 2,
                "label": 4,
                "coords": [
                    9.44349,
                    -6.92322,
                    1.50417
                ]
            }
        ]
    },
    "5": {
        "ICA boundary": [
            {
                "id": 394,
                "degree": 2,
                "label": 5,
                "coords": [
                    9.44349,
                    -6.92322,
                    1.50417
                ]
            }
        ],
        "MCA end": [
            {
                "id": 426,
                "degree": 3,
                "label": 5,
                "coords": [
                    17.37844,
                    -4.61842,
                    0.27935
                ]
            }
        ]
    },
    "6": {
        "ICA start": [
            {
                "id": 456,
                "degree": 1,
                "label": 6,
                "coords": [
                    -16.386,
                    -6.39506,
                    -12.35025
                ]
            }
        ],
        "Pcom bifurcation": [
            {
                "id": 527,
                "degree": 3,
                "label": 6,
                "coords": [
                    -15.20678,
                    -10.23592,
                    -1.95693
                ]
            }
        ],
        "Pcom boundary": [
            {
                "id": 646,
                "degree": 2,
                "label": 6,
                "coords": [
                    -14.20558,
                    -11.97314,
                    -2.68545
                ]
            }
        ],
        "ICA bifurcation": [
            {
                "id": 545,
                "degree": 3,
                "label": 6,
                "coords": [
                    -18.41289,
                    -11.56429,
                    1.81575
                ]
            }
        ],
        "ACA boundary": [
            {
                "id": 809,
                "degree": 2,
                "label": 6,
                "coords": [
                    -17.11978,
                    -11.85202,
                    3.20343
                ]
            }
        ],
        "MCA boundary": [
            {
                "id": 554,
                "degree": 2,
                "label": 6,
                "coords": [
                    -20.78157,
                    -11.75787,
                    2.42995
                ]
            }
        ]
    },
    "7": {
        "ICA boundary": [
            {
                "id": 554,
                "degree": 2,
                "label": 7,
                "coords": [
                    -20.78157,
                    -11.75787,
                    2.42995
                ]
            }
        ],
        "MCA end": [
            {
                "id": 613,
                "degree": 1,
                "label": 7,